fdfds,uwue,,wuwe,,wwwhew,,wew,,
,,,te1,,te2,,,,
,,8,sdds,58,dss,7,8,,1
,,2,dsff,2,sd,8,8,,7
,,7,xx,8,dsd,8,8,,1
,,,c,711,ss,XuZ 8:20,9,,#VALUE!
,8,9,gdfga,1178,vxz,2,,,7
,8,9,gade,88,zzc,8,,,1
,,,ere,22,dsdssss,XuZ 1:78,9,,#VALUE!
,,7,ad,172,zccz,8,8,,1
,,1,gfad,2889,zccz,7,8,,6
,,,dsss,9978,zzc,XuZ 7:77,9,,#VALUE!
,,,sds,22,zccz,XuZ 8:77,9,,1
,,7,sds,2,zccz,9,8,,0
,Err:522,,,,,,Err:522,,
,,,,,,,,,
,,,tea8,,te7,,,,
,,8,ad,58,xc,7,8,,1
,,,ad,2,cccccc,XuZ 2:80,9,,#VALUE!
,,7,aa,8,zcz,7,8,,0
,2,1,adfa,711,gdf,1,2,,0
,,,aa,1178,adfag,XuZ 0:87,9,,#VALUE!
,,2,wweaf,88,ddg,10,8,,7
,,,wwrfe,22,adfag,XuZ 8:10,9,,7
,,2,ww,172,da,8,8,,7
,8,7,dsd,2889,aa,8,,,#VALUE!
,,1,ada,9978,aavdaed,8,8,,7
,8,8,ad,22,czcz,1,,,7
,,,zzzz,2,zccz,XuZ 1:28,9,,#VALUE!
,18,,,,,,78,,
,,,te1,,ddf898,,,,
,,8,sdds,58,dss,7,8,,0
,,2,dsff,2,sd,8,8,,0
,,7,xx,8,dsd,8,8,,0
,,,c,711,ss,XuZ 8:20,9,,0
,8,9,gdfga,1178,vxz,2,,,0
,8,9,gade,88,zzc,8,,,0
,,,ere,22,dsdsds,XuZ 1:78,9,,0
,,7,ad,172,zccz,8,8,,0
,,1,gfad,2889,zccz,7,8,,0
,,,dsss,9978,zzc,XuZ 7:77,9,,0
,,,sds,22,zccz,XuZ 8:77,9,,0
,,7,sds,2,zccz,9,8,,0
,0,,,,,,0,,
,,,,,,,,,
,,,gt88,,ssw8e,,,,
,,8,ad,58,xc,7,8,,0
,,,ad,2,cccccc,XuZ 2:80,9,,0
,,7,aa,8,zcz,7,8,,0
,2,1,adfa,711,gdf,1,2,,0
,,,aa,1178,adfag,XuZ 0:87,9,,0
,,2,wweaf,88,ddg,10,8,,0
,,,wwrfe,22,adfag,XuZ 8:10,9,,0
,,2,ww,172,da,8,8,,0
,8,7,dsd,2889,aa,8,,,0
,,1,ada,9978,aavdaed,8,8,,0
,8,8,ad,22,czcz,1,,,0
,,,zzzz,2,zccz,XuZ 1:28,9,,0
,0,,,,,,0,,
,,,ddf898,,te1,,,,
,,8,dss,58,sdds,7,8,,1
,,2,sd,2,dsff,XuZ 2:80,9,,#VALUE!
,,7,dsd,8,xx,7,8,,0
,,,ss,711,c,1,2,,0
,8,9,vxz,1178,gdfga,XuZ 0:87,9,,#VALUE!
,8,9,zzc,88,gade,10,8,,7
,,,dsdsds,22,ere,XuZ 8:10,9,,7
,,7,zccz,172,ad,8,8,,7
,,1,zccz,2889,gfad,8,,,#VALUE!
,,,zzc,9978,dsss,8,8,,7
,,,zccz,22,sds,1,,,7
,,7,zccz,2,sds,XuZ 1:28,9,,#VALUE!
